{
  "manifest": {
    "publishingInformation": {
      "locales": {
        "en-IN": {
          "summary": "This a skill which plays housie game.",
          "examplePhrases": [
            "Alexa open housie game",
            "Alexa play housie game"
          ],
          "keywords": [
            "Housie",
            "Game"
          ],
          "name": "Housie Game",
          "description": "Housie Game is a  game which can be played by any number of persons ,this includes tickets and numbers from one to hundred ,if you have the numbers prompted  by Alexa in your ticket then  you are the winner \n\nsay \"Alexa ,open Housie Game\"to launch the skill\nsay \"Alexa ,Verify the ticket\"for checking your ticket with the numbers prompted by Alexa",
          "smallIconUri": "file://assets/images/en-IN_smallIconUri.png",
          "largeIconUri": "file://assets/images/en-IN_largeIconUri.png"
        }
      },
      "automaticDistribution": {
        "isActive": false
      },
      "isAvailableWorldwide": true,
      "testingInstructions": "this game requires tickets containing numbers",
      "category": "KNOWLEDGE_AND_TRIVIA",
      "distributionCountries": []
    },
    "apis": {
      "custom": {
        "endpoint": {
          "uri": "arn:aws:lambda:us-east-1:188199667105:function:4f8ea672-ac25-425b-8ba1-9423fc685676:Release_2"
        },
        "interfaces": []
      }
    },
    "manifestVersion": "1.0",
    "privacyAndCompliance": {
      "allowsPurchases": false,
      "locales": {
        "en-IN": {}
      },
      "containsAds": false,
      "isExportCompliant": true,
      "isChildDirected": false,
      "usesPersonalInfo": false
    }
  }
}