{
  "interactionModel": {
    "languageModel": {
      "invocationName": "housie game",
      "intents": [
        {
          "name": "AMAZON.CancelIntent",
          "samples": []
        },
        {
          "name": "AMAZON.HelpIntent",
          "samples": []
        },
        {
          "name": "AMAZON.StopIntent",
          "samples": []
        },
        {
          "name": "AMAZON.NavigateHomeIntent",
          "samples": []
        },
        {
          "name": "GameIntent",
          "slots": [
            {
              "name": "action",
              "type": "ActionType"
            }
          ],
          "samples": [
            "lets go for the {action}",
            "{action}"
          ]
        },
        {
          "name": "NameIntent",
          "slots": [
            {
              "name": "name",
              "type": "AMAZON.FirstName"
            }
          ],
          "samples": [
            " my name is {name} ",
            " i am {name}"
          ]
        },
        {
          "name": "CheckIntent",
          "slots": [],
          "samples": [
            "verify",
            "scan the ticket",
            "verify the ticket",
            "prompt all the numbers which are covered",
            "check the ticket"
          ]
        }
      ],
      "types": [
        {
          "values": [
            {
              "name": {
                "value": "next"
              }
            },
            {
              "name": {
                "value": "yes"
              }
            }
          ],
          "name": "ActionType"
        }
      ]
    }
  },
  "version": "38"
}